Sequence,PAM,Score,#MM,Gene,Locus
TCGTTAGCCGTGGGGAAAGA,TGG,N/A,,SUV39H1,chrX:+48696765
TCCTGAGGCTTGGGGAAAGA,GAG,9,4,,chr2:+237046599
TCGGCAGCCTTGGGAAAAGA,AAG,17,4,,chr3:+58539834
TCGGTAGTCCGTGAGGAAAGA,AAG,24,3,,chr3:+126980684
TCGAAAGCC-TGGGGAAAGA,GAG,25,3,,chr7:+102152882
CCATTAGCC-TGGGGAAAGA,GAG,27,3,,chr12:-27906534
TACTTATCCCTGGGGAAAGA,AGG,32,4,,chr12:+15656549
TTGTTATTCCTGGGGAAAGA,AAG,32,4,,chr12:+119713285
CAGTTAGCCGTGGTGGAAAGA,AAG,33,3,,chr5:-68247355
TCGTCAGCAGTGGGGAAAGA,CAG,35,2,,chr8:+97290436
TCAATAACAGTGGGGAAAGA,GGG,45,4,,chr18:+7833997
TAGCTAGCCTTGTGGAAAGA,GAG,47,4,,chr3:-56256056
TAATTAGGTGTGGGGAAAGA,CAG,49,4,,chr8:+116251034
ACATTAGGTGTGGGGAAAGA,AGG,49,4,,chrY:+14503951
TTATTAGAGGTGGGGAAAGA,GGG,51,4,,chr3:-54454755
TCATGACCCTTGGGGAAAGA,AGG,52,4,,chr13:-26971470
TCGATAGCCGTAGAGAAAGA,GGG,54,3,,chr12:+104602752
TCGTGA-CCGTGGGGAAAGT,GGG,54,3,,chr16:-4184195
TCGTTATCCTTGGGGAAAAA,GAG,54,3,,chr1:-44129340
TAGTAAGCCGCTGGGAAAGA,CGG,54,4,,chr7:-52650691
TCCTTTGCCGTGGGAAAATA,CAG,55,4,,chrX:-4313968
TAGTTCTCAGTGGGGAAAGA,AAG,55,4,,chr12:+7918675
CAGTTAGCCTTGGGGGAAGA,GGG,58,4,,chr1:+25756598
AAGTTAGCACTGGGGAAAGA,GGG,58,4,,chr8:+90590177
CCCTTATCCGTGGGGATAGA,TGG,58,4,,chr16:-58590214
TAGTTATCCTTTGGGAAAGA,AAG,58,4,,chr3:+100373418
TTGTTAGGACTGGGGAAAGA,AAG,58,4,,chr9:+120014016
GAGTTAGCACTGGGGAAAGA,CAG,58,4,,chr4:-3024066
CCCTTAGCCCTGGGGAAAGG,CAG,59,4,,chr12:-57212105
TTGTTTGGAGTGGGGAAAGA,AGG,59,4,,chr13:+19481597
TTGATAGCCCTGGGGAGAGA,AGG,59,4,,chr5:-82232849
TTGTTTGGAGTGGGGAAAGA,AGG,59,4,,chr21:-10553574
GCGTCAGCCCTGGGGACAGA,CAG,65,4,,chr3:-22990659
TCGATAGCGGTAGGAAAAGA,GAG,65,4,,chr1:-3512649
TCCTTGGCCTTGGGAAAAGA,GAG,66,4,,chr6:+78131753
TAGTTAGCCCTGGGAAAAGT,TGG,67,4,,chr1:-30678862
CCCTTAGCTCTGGGGAAAGA,GGG,67,4,,chr1:+158116257
GAGTTAGCAGTGGGGAGAGA,GAG,68,4,,chr2:+159065062
TAGTTTGCCTTGGGGAAAGG,TGG,69,4,,chr1:-223769004
GGGTTAGCC-TGGGGAAAGA,TGG,70,3,,chr11:+76178903
TCTTTCTCCCTGGGGAAAGA,GGG,70,4,,chr1:+38594231
TTATTAGCCGTCGGGGAAGA,GGG,70,4,"MID1IP1,MID1IP1-AS1",chrX:-38803746
TATTTAGCTGTGGGGAAAGA,AAG,71,3,,chr2:-125573478
TCTATAGCAGAGGGGAAAGA,GGG,71,4,,chr6:-107929833
TTGGTAGCCGGGGGGAAGGA,CAG,71,4,,chr1:-233919744
TTTTTAGCCTTGGGGAAAGG,TGG,72,4,,chr2:+65788501
TCGTTTGCCTGTAGGGAAAGA,TGG,74,3,,chr16:-30549436
TTGTTTGCCTTGGGGAATGA,AAG,74,4,,chr1:+38299012
TCATTAGTGGTGGGGACAGA,AAG,76,4,,chr2:-158796775
TCGTT--CAGTGGGGAAAGA,GAG,77,3,,chr5:-65460789
TCTTTAGCCGAGGGAAAAAA,AAG,77,4,,chr8:+27838169
ACGCTAGCGGTGGGGGAAGA,AGG,78,4,LOC401554,chr9:-130142144
ACTTTAGCCTTGGGGACAGA,GGG,78,4,,chr12:+121753072
TCGTTAGCTCTTGGGGAACGA,AAG,79,3,,chr16:+87013581
TCGTGTGACGTGGGGAAGGA,GAG,79,4,,chr12:-128791589
TTTTTAGCTTTGGGGAAAGA,CAG,80,4,,chr9:+8420726
CCTTTAGCAATGGGGAAAGA,GGG,81,4,,chr6:-17209712
TCCTAAGCCGGGGGGGAAGA,GGG,82,4,,chr7:+150039687
TCCTAAGCCGGGGGGGAAGA,GGG,82,4,,chr7:-154063724
TCCTTAGCCTTGGAGATAGA,AGG,84,4,,chr2:-146599567
TAGTTAGCACTGGAGAAAGA,TGG,84,4,,chr2:+209836687
ATGTTAGCAGTGGGGAAAGC,TGG,84,4,,chr4:-171506802
TTGTGACCCGTGGCGAAAGA,TGG,84,4,,chr8:+138173976
TCGTT-GCAGTGGAGAAAGA,CAG,85,3,,chr9:-123105845
TGGTAAACAGTGGGGAAAGA,GAG,85,4,,chr11:-28308776
CCGTTGGCCCCGGGGAAAGA,GAG,86,4,,chr3:-195910195
TCGTTAGCATAGGGGAAAGT,GGG,86,4,,chr2:-144413957
TTGTTAACTGTGGGGAATGA,CAG,87,4,LRRC20,chr10:+70300646
ACGTTAGCTGTGGGAAAAGG,GAG,88,4,,chr9:+27070890
TCGTTAGCC-TGAGCAAAGA,CAG,89,3,PDE4DIP,chr1:-149002997
TCGTTAGCC-TGAGCAAAGA,CAG,89,3,LOC100996724,chr1:+120519243
TCTATAGCCCTGGGGAAAAA,AGG,89,4,,chr12:+57228985
TCATGAGCTGTGGGGAATGA,GAG,90,4,,chr10:-11102827
TATTTAGCCCTTGGGAAAGA,AAG,90,4,,chr5:-11325726
ACGTTAGCTCTAGGGAAAGA,AGG,92,4,,chr21:+28928102
TCTCTAGCCCTGGGGACAGA,CAG,92,4,,chr19:-31518191
GCCTTAGCTGTGGGGGAAGA,CAG,93,4,,chr17:+55269040
TCTTTAGTAGTGGGGAGAGA,AAG,95,4,,chr12:+76901642
TGGTTAGCC-TGGAGAAAGA,AGG,96,3,,chr5:+111969539
TCATTAGCCATGGGGAAAAG,AAG,96,4,,chr1:+69982479
TCTTTTGAGGTGGGGAAAGA,AAG,97,4,,chr3:+138230185
TCGGTAGCCTTGTGGTAAGA,AGG,97,4,,chr10:+58480498
TAGTTGGCCCTGGAGAAAGA,GAG,98,4,,chr11:+41852887
TTGATAGCCGTGGTGAAAGC,AAG,101,4,,chr5:-14937050
TCATTACCCCTGGGGAAAAA,AAG,102,4,,chr17:+54040447
TCGTTTGCTTTGGAGAAAGA,TAG,103,4,,chr3:+136576891
TGTTTAGCCTTGAGGAAAGA,AAG,103,4,,chrX:-38701175
TCTTTAGAGGTGGGGAAACA,GAG,103,4,,chr10:+71257955
TCGTTAGCCATAGGGAAGTA,TAG,105,4,,chr5:-56446508
TCTTTGGGGGTGGGGAAAGA,GGG,105,4,,chr8:-22773033
TGGTTAGCC-TGGGGAAAGT,AAG,106,3,,chr2:-220658823
TCCTTAGCAGTGTGGAGAGA,GAG,106,4,,chr16:-64007285
TTGTTTGCAGTGGGGCAAGA,AGG,108,4,,chr8:-12471994
TTGTTTGCAGTGGGGCAAGA,AGG,108,4,,chr8:-12229494
TTGTTTGCAGTGGGGCAAGA,AGG,108,4,,chr11:-67834512
TTGTTTGCAGTGGGGCAAGA,AGG,108,4,,chr11:+71762464
TTGTTTGCAGTGGGGCAAGA,AGG,108,4,,chr4:+9654523
TTGTTTGCAGTGGGGCAAGA,AGG,108,4,,chr4:+9118223
TTGTTTGCAGTGGGGCAAGA,AGG,108,4,,chr8:+8193655
TTGTTTGCAGTGGGGCAAGA,AGG,108,4,,chr4:-3990287