Target,Cas,sequence,sense,sgRNA.notes
FAS,CRISPRoff,GAGAAGAGGCAGCTCCGCCT,antisense,Guide 1
FAS,CRISPRoff,CCACCAACCCGCGGGAGAAG,antisense,Guide 2
FAS,CRISPRoff,CTATCCCCGGGACTAAGACG,antisense,Guide 3
MED12,CRISPRoff,ACGGCGGCCGAGAGACAACA,antisense,Guide 1
MED12,CRISPRoff,AGCAGGGCCAGGCTGACTGG,antisense,Guide 2
MED12,CRISPRoff,AGAGCAAAAGTCCCGAAAGG,sense,Guide 3
PTPN2,CRISPRoff,GCTCAGGCCCCGCACGATCC,antisense,Guide 3
PTPN2,CRISPRoff,GCGAGCAGAGCCTGCGCCGG,antisense,Guide 5
PTPN2,CRISPRoff,CGCAGCGCCAGCGCTCTCCC,sense,Guide 6
RASA2,CRISPRoff,TCCGCCTCGCCcggctacgc,sense,Guide 1
RASA2,CRISPRoff,GCGGCGTCGCCTCGACGGGG,sense,Guide 2
RASA2,CRISPRoff,Gcacgggccgggcggcacca,sense,Guide 4
RC3H1,CRISPRoff,GAGGACAACGAGCGACTGGG,sense,Guide 1
RC3H1,CRISPRoff,GACGAGGACAACGAGCGACT,sense,Guide 2
RC3H1,CRISPRoff,GGGCCTCAGTCGGGAACAAT,sense,Guide 3
SUV39H1,CRISPRoff,TCGTTAGCCGTGGGGAAAGA,sense,Guide 2
SUV39H1,CRISPRoff,CCCCACGGCTAACGACATTC,antisense,Guide 3
SUV39H1,CRISPRoff,CTCTTCTCGCGAGGCCGGCT,sense,Guide 4
FAS,Cas9,AAGCCACCCCAAGTTAGATC,antisense,g1
MED12,Cas9,CAGTGAGTAGTGCCAAACCA,antisense,Maya (Dharmacon)
PTPN2,Cas9,GCACTACAGTGGATCACCGC,antisense,g1
RASA2,Cas9,AGATATCACACATTACAGTG,antisense,KO
RC3H1,Cas9,CTGTGCGTACAGTGGTACAT,sense,g1
SUV39H1,Cas9,GTTCCTCTTAGAGATACCGA,antisense,g2